{"cameraMode":{"drawMode":0,"name":"Shaded","section":"Shading Mode"},"sceneLighting":false,"audioPlay":false,"sceneViewState":{"showFog":false,"showMaterialUpdate":false,"showSkybox":false,"showFlares":false,"showImageEffects":false,"showParticleSystems":false},"in2DMode":false,"pivot":{"x":524.6573486328125,"y":1046.0218505859375,"z":-81.8084487915039},"rotation":{"x":-0.04182439297437668,"y":0.9555203318595886,"z":-0.166786789894104,"w":-0.23961162567138673},"size":424.2640686035156,"orthographic":false}