{"cameraMode":{"drawMode":0,"name":"Shaded","section":"Shading Mode"},"sceneLighting":false,"audioPlay":false,"sceneViewState":{"showFog":false,"showMaterialUpdate":false,"showSkybox":false,"showFlares":false,"showImageEffects":false,"showParticleSystems":false},"in2DMode":false,"pivot":{"x":530.4898681640625,"y":944.8602294921875,"z":-126.8251953125},"rotation":{"x":-0.0035115270875394346,"y":0.9931601881980896,"z":-0.11251575499773026,"w":-0.03099573217332363},"size":342.5399475097656,"orthographic":false}